u,v,capacity,delay,p_error
0,506,1,1,0.01
0,22,1,1,0.01
0,21,1,1,0.01
0,1,1,1,0.01
1,507,1,1,0.01
1,23,1,1,0.01
1,0,1,1,0.01
1,2,1,1,0.01
2,508,1,1,0.01
2,24,1,1,0.01
2,1,1,1,0.01
2,3,1,1,0.01
3,509,1,1,0.01
3,25,1,1,0.01
3,2,1,1,0.01
3,4,1,1,0.01
4,510,1,1,0.01
4,26,1,1,0.01
4,3,1,1,0.01
4,5,1,1,0.01
5,511,1,1,0.01
5,27,1,1,0.01
5,4,1,1,0.01
5,6,1,1,0.01
6,512,1,1,0.01
6,28,1,1,0.01
6,5,1,1,0.01
6,7,1,1,0.01
7,513,1,1,0.01
7,29,1,1,0.01
7,6,1,1,0.01
7,8,1,1,0.01
8,514,1,1,0.01
8,30,1,1,0.01
8,7,1,1,0.01
8,9,1,1,0.01
9,515,1,1,0.01
9,31,1,1,0.01
9,8,1,1,0.01
9,10,1,1,0.01
10,516,1,1,0.01
10,32,1,1,0.01
10,9,1,1,0.01
10,11,1,1,0.01
11,517,1,1,0.01
11,33,1,1,0.01
11,10,1,1,0.01
11,12,1,1,0.01
12,518,1,1,0.01
12,34,1,1,0.01
12,11,1,1,0.01
12,13,1,1,0.01
13,519,1,1,0.01
13,35,1,1,0.01
13,12,1,1,0.01
13,14,1,1,0.01
14,520,1,1,0.01
14,36,1,1,0.01
14,13,1,1,0.01
14,15,1,1,0.01
15,521,1,1,0.01
15,37,1,1,0.01
15,14,1,1,0.01
15,16,1,1,0.01
16,522,1,1,0.01
16,38,1,1,0.01
16,15,1,1,0.01
16,17,1,1,0.01
17,523,1,1,0.01
17,39,1,1,0.01
17,16,1,1,0.01
17,18,1,1,0.01
18,524,1,1,0.01
18,40,1,1,0.01
18,17,1,1,0.01
18,19,1,1,0.01
19,525,1,1,0.01
19,41,1,1,0.01
19,18,1,1,0.01
19,20,1,1,0.01
20,526,1,1,0.01
20,42,1,1,0.01
20,19,1,1,0.01
20,21,1,1,0.01
21,527,1,1,0.01
21,43,1,1,0.01
21,20,1,1,0.01
21,0,1,1,0.01
22,0,1,1,0.01
22,44,1,1,0.01
22,43,1,1,0.01
22,23,1,1,0.01
23,1,1,1,0.01
23,45,1,1,0.01
23,22,1,1,0.01
23,24,1,1,0.01
24,2,1,1,0.01
24,46,1,1,0.01
24,23,1,1,0.01
24,25,1,1,0.01
25,3,1,1,0.01
25,47,1,1,0.01
25,24,1,1,0.01
25,26,1,1,0.01
26,4,1,1,0.01
26,48,1,1,0.01
26,25,1,1,0.01
26,27,1,1,0.01
27,5,1,1,0.01
27,49,1,1,0.01
27,26,1,1,0.01
27,28,1,1,0.01
28,6,1,1,0.01
28,50,1,1,0.01
28,27,1,1,0.01
28,29,1,1,0.01
29,7,1,1,0.01
29,51,1,1,0.01
29,28,1,1,0.01
29,30,1,1,0.01
30,8,1,1,0.01
30,52,1,1,0.01
30,29,1,1,0.01
30,31,1,1,0.01
31,9,1,1,0.01
31,53,1,1,0.01
31,30,1,1,0.01
31,32,1,1,0.01
32,10,1,1,0.01
32,54,1,1,0.01
32,31,1,1,0.01
32,33,1,1,0.01
33,11,1,1,0.01
33,55,1,1,0.01
33,32,1,1,0.01
33,34,1,1,0.01
34,12,1,1,0.01
34,56,1,1,0.01
34,33,1,1,0.01
34,35,1,1,0.01
35,13,1,1,0.01
35,57,1,1,0.01
35,34,1,1,0.01
35,36,1,1,0.01
36,14,1,1,0.01
36,58,1,1,0.01
36,35,1,1,0.01
36,37,1,1,0.01
37,15,1,1,0.01
37,59,1,1,0.01
37,36,1,1,0.01
37,38,1,1,0.01
38,16,1,1,0.01
38,60,1,1,0.01
38,37,1,1,0.01
38,39,1,1,0.01
39,17,1,1,0.01
39,61,1,1,0.01
39,38,1,1,0.01
39,40,1,1,0.01
40,18,1,1,0.01
40,62,1,1,0.01
40,39,1,1,0.01
40,41,1,1,0.01
41,19,1,1,0.01
41,63,1,1,0.01
41,40,1,1,0.01
41,42,1,1,0.01
42,20,1,1,0.01
42,64,1,1,0.01
42,41,1,1,0.01
42,43,1,1,0.01
43,21,1,1,0.01
43,65,1,1,0.01
43,42,1,1,0.01
43,22,1,1,0.01
44,22,1,1,0.01
44,66,1,1,0.01
44,65,1,1,0.01
44,45,1,1,0.01
45,23,1,1,0.01
45,67,1,1,0.01
45,44,1,1,0.01
45,46,1,1,0.01
46,24,1,1,0.01
46,68,1,1,0.01
46,45,1,1,0.01
46,47,1,1,0.01
47,25,1,1,0.01
47,69,1,1,0.01
47,46,1,1,0.01
47,48,1,1,0.01
48,26,1,1,0.01
48,70,1,1,0.01
48,47,1,1,0.01
48,49,1,1,0.01
49,27,1,1,0.01
49,71,1,1,0.01
49,48,1,1,0.01
49,50,1,1,0.01
50,28,1,1,0.01
50,72,1,1,0.01
50,49,1,1,0.01
50,51,1,1,0.01
51,29,1,1,0.01
51,73,1,1,0.01
51,50,1,1,0.01
51,52,1,1,0.01
52,30,1,1,0.01
52,74,1,1,0.01
52,51,1,1,0.01
52,53,1,1,0.01
53,31,1,1,0.01
53,75,1,1,0.01
53,52,1,1,0.01
53,54,1,1,0.01
54,32,1,1,0.01
54,76,1,1,0.01
54,53,1,1,0.01
54,55,1,1,0.01
55,33,1,1,0.01
55,77,1,1,0.01
55,54,1,1,0.01
55,56,1,1,0.01
56,34,1,1,0.01
56,78,1,1,0.01
56,55,1,1,0.01
56,57,1,1,0.01
57,35,1,1,0.01
57,79,1,1,0.01
57,56,1,1,0.01
57,58,1,1,0.01
58,36,1,1,0.01
58,80,1,1,0.01
58,57,1,1,0.01
58,59,1,1,0.01
59,37,1,1,0.01
59,81,1,1,0.01
59,58,1,1,0.01
59,60,1,1,0.01
60,38,1,1,0.01
60,82,1,1,0.01
60,59,1,1,0.01
60,61,1,1,0.01
61,39,1,1,0.01
61,83,1,1,0.01
61,60,1,1,0.01
61,62,1,1,0.01
62,40,1,1,0.01
62,84,1,1,0.01
62,61,1,1,0.01
62,63,1,1,0.01
63,41,1,1,0.01
63,85,1,1,0.01
63,62,1,1,0.01
63,64,1,1,0.01
64,42,1,1,0.01
64,86,1,1,0.01
64,63,1,1,0.01
64,65,1,1,0.01
65,43,1,1,0.01
65,87,1,1,0.01
65,64,1,1,0.01
65,44,1,1,0.01
66,44,1,1,0.01
66,88,1,1,0.01
66,87,1,1,0.01
66,67,1,1,0.01
67,45,1,1,0.01
67,89,1,1,0.01
67,66,1,1,0.01
67,68,1,1,0.01
68,46,1,1,0.01
68,90,1,1,0.01
68,67,1,1,0.01
68,69,1,1,0.01
69,47,1,1,0.01
69,91,1,1,0.01
69,68,1,1,0.01
69,70,1,1,0.01
70,48,1,1,0.01
70,92,1,1,0.01
70,69,1,1,0.01
70,71,1,1,0.01
71,49,1,1,0.01
71,93,1,1,0.01
71,70,1,1,0.01
71,72,1,1,0.01
72,50,1,1,0.01
72,94,1,1,0.01
72,71,1,1,0.01
72,73,1,1,0.01
73,51,1,1,0.01
73,95,1,1,0.01
73,72,1,1,0.01
73,74,1,1,0.01
74,52,1,1,0.01
74,96,1,1,0.01
74,73,1,1,0.01
74,75,1,1,0.01
75,53,1,1,0.01
75,97,1,1,0.01
75,74,1,1,0.01
75,76,1,1,0.01
76,54,1,1,0.01
76,98,1,1,0.01
76,75,1,1,0.01
76,77,1,1,0.01
77,55,1,1,0.01
77,99,1,1,0.01
77,76,1,1,0.01
77,78,1,1,0.01
78,56,1,1,0.01
78,100,1,1,0.01
78,77,1,1,0.01
78,79,1,1,0.01
79,57,1,1,0.01
79,101,1,1,0.01
79,78,1,1,0.01
79,80,1,1,0.01
80,58,1,1,0.01
80,102,1,1,0.01
80,79,1,1,0.01
80,81,1,1,0.01
81,59,1,1,0.01
81,103,1,1,0.01
81,80,1,1,0.01
81,82,1,1,0.01
82,60,1,1,0.01
82,104,1,1,0.01
82,81,1,1,0.01
82,83,1,1,0.01
83,61,1,1,0.01
83,105,1,1,0.01
83,82,1,1,0.01
83,84,1,1,0.01
84,62,1,1,0.01
84,106,1,1,0.01
84,83,1,1,0.01
84,85,1,1,0.01
85,63,1,1,0.01
85,107,1,1,0.01
85,84,1,1,0.01
85,86,1,1,0.01
86,64,1,1,0.01
86,108,1,1,0.01
86,85,1,1,0.01
86,87,1,1,0.01
87,65,1,1,0.01
87,109,1,1,0.01
87,86,1,1,0.01
87,66,1,1,0.01
88,66,1,1,0.01
88,110,1,1,0.01
88,109,1,1,0.01
88,89,1,1,0.01
89,67,1,1,0.01
89,111,1,1,0.01
89,88,1,1,0.01
89,90,1,1,0.01
90,68,1,1,0.01
90,112,1,1,0.01
90,89,1,1,0.01
90,91,1,1,0.01
91,69,1,1,0.01
91,113,1,1,0.01
91,90,1,1,0.01
91,92,1,1,0.01
92,70,1,1,0.01
92,114,1,1,0.01
92,91,1,1,0.01
92,93,1,1,0.01
93,71,1,1,0.01
93,115,1,1,0.01
93,92,1,1,0.01
93,94,1,1,0.01
94,72,1,1,0.01
94,116,1,1,0.01
94,93,1,1,0.01
94,95,1,1,0.01
95,73,1,1,0.01
95,117,1,1,0.01
95,94,1,1,0.01
95,96,1,1,0.01
96,74,1,1,0.01
96,118,1,1,0.01
96,95,1,1,0.01
96,97,1,1,0.01
97,75,1,1,0.01
97,119,1,1,0.01
97,96,1,1,0.01
97,98,1,1,0.01
98,76,1,1,0.01
98,120,1,1,0.01
98,97,1,1,0.01
98,99,1,1,0.01
99,77,1,1,0.01
99,121,1,1,0.01
99,98,1,1,0.01
99,100,1,1,0.01
100,78,1,1,0.01
100,122,1,1,0.01
100,99,1,1,0.01
100,101,1,1,0.01
101,79,1,1,0.01
101,123,1,1,0.01
101,100,1,1,0.01
101,102,1,1,0.01
102,80,1,1,0.01
102,124,1,1,0.01
102,101,1,1,0.01
102,103,1,1,0.01
103,81,1,1,0.01
103,125,1,1,0.01
103,102,1,1,0.01
103,104,1,1,0.01
104,82,1,1,0.01
104,126,1,1,0.01
104,103,1,1,0.01
104,105,1,1,0.01
105,83,1,1,0.01
105,127,1,1,0.01
105,104,1,1,0.01
105,106,1,1,0.01
106,84,1,1,0.01
106,128,1,1,0.01
106,105,1,1,0.01
106,107,1,1,0.01
107,85,1,1,0.01
107,129,1,1,0.01
107,106,1,1,0.01
107,108,1,1,0.01
108,86,1,1,0.01
108,130,1,1,0.01
108,107,1,1,0.01
108,109,1,1,0.01
109,87,1,1,0.01
109,131,1,1,0.01
109,108,1,1,0.01
109,88,1,1,0.01
110,88,1,1,0.01
110,132,1,1,0.01
110,131,1,1,0.01
110,111,1,1,0.01
111,89,1,1,0.01
111,133,1,1,0.01
111,110,1,1,0.01
111,112,1,1,0.01
112,90,1,1,0.01
112,134,1,1,0.01
112,111,1,1,0.01
112,113,1,1,0.01
113,91,1,1,0.01
113,135,1,1,0.01
113,112,1,1,0.01
113,114,1,1,0.01
114,92,1,1,0.01
114,136,1,1,0.01
114,113,1,1,0.01
114,115,1,1,0.01
115,93,1,1,0.01
115,137,1,1,0.01
115,114,1,1,0.01
115,116,1,1,0.01
116,94,1,1,0.01
116,138,1,1,0.01
116,115,1,1,0.01
116,117,1,1,0.01
117,95,1,1,0.01
117,139,1,1,0.01
117,116,1,1,0.01
117,118,1,1,0.01
118,96,1,1,0.01
118,140,1,1,0.01
118,117,1,1,0.01
118,119,1,1,0.01
119,97,1,1,0.01
119,141,1,1,0.01
119,118,1,1,0.01
119,120,1,1,0.01
120,98,1,1,0.01
120,142,1,1,0.01
120,119,1,1,0.01
120,121,1,1,0.01
121,99,1,1,0.01
121,143,1,1,0.01
121,120,1,1,0.01
121,122,1,1,0.01
122,100,1,1,0.01
122,144,1,1,0.01
122,121,1,1,0.01
122,123,1,1,0.01
123,101,1,1,0.01
123,145,1,1,0.01
123,122,1,1,0.01
123,124,1,1,0.01
124,102,1,1,0.01
124,146,1,1,0.01
124,123,1,1,0.01
124,125,1,1,0.01
125,103,1,1,0.01
125,147,1,1,0.01
125,124,1,1,0.01
125,126,1,1,0.01
126,104,1,1,0.01
126,148,1,1,0.01
126,125,1,1,0.01
126,127,1,1,0.01
127,105,1,1,0.01
127,149,1,1,0.01
127,126,1,1,0.01
127,128,1,1,0.01
128,106,1,1,0.01
128,150,1,1,0.01
128,127,1,1,0.01
128,129,1,1,0.01
129,107,1,1,0.01
129,151,1,1,0.01
129,128,1,1,0.01
129,130,1,1,0.01
130,108,1,1,0.01
130,152,1,1,0.01
130,129,1,1,0.01
130,131,1,1,0.01
131,109,1,1,0.01
131,153,1,1,0.01
131,130,1,1,0.01
131,110,1,1,0.01
132,110,1,1,0.01
132,154,1,1,0.01
132,153,1,1,0.01
132,133,1,1,0.01
133,111,1,1,0.01
133,155,1,1,0.01
133,132,1,1,0.01
133,134,1,1,0.01
134,112,1,1,0.01
134,156,1,1,0.01
134,133,1,1,0.01
134,135,1,1,0.01
135,113,1,1,0.01
135,157,1,1,0.01
135,134,1,1,0.01
135,136,1,1,0.01
136,114,1,1,0.01
136,158,1,1,0.01
136,135,1,1,0.01
136,137,1,1,0.01
137,115,1,1,0.01
137,159,1,1,0.01
137,136,1,1,0.01
137,138,1,1,0.01
138,116,1,1,0.01
138,160,1,1,0.01
138,137,1,1,0.01
138,139,1,1,0.01
139,117,1,1,0.01
139,161,1,1,0.01
139,138,1,1,0.01
139,140,1,1,0.01
140,118,1,1,0.01
140,162,1,1,0.01
140,139,1,1,0.01
140,141,1,1,0.01
141,119,1,1,0.01
141,163,1,1,0.01
141,140,1,1,0.01
141,142,1,1,0.01
142,120,1,1,0.01
142,164,1,1,0.01
142,141,1,1,0.01
142,143,1,1,0.01
143,121,1,1,0.01
143,165,1,1,0.01
143,142,1,1,0.01
143,144,1,1,0.01
144,122,1,1,0.01
144,166,1,1,0.01
144,143,1,1,0.01
144,145,1,1,0.01
145,123,1,1,0.01
145,167,1,1,0.01
145,144,1,1,0.01
145,146,1,1,0.01
146,124,1,1,0.01
146,168,1,1,0.01
146,145,1,1,0.01
146,147,1,1,0.01
147,125,1,1,0.01
147,169,1,1,0.01
147,146,1,1,0.01
147,148,1,1,0.01
148,126,1,1,0.01
148,170,1,1,0.01
148,147,1,1,0.01
148,149,1,1,0.01
149,127,1,1,0.01
149,171,1,1,0.01
149,148,1,1,0.01
149,150,1,1,0.01
150,128,1,1,0.01
150,172,1,1,0.01
150,149,1,1,0.01
150,151,1,1,0.01
151,129,1,1,0.01
151,173,1,1,0.01
151,150,1,1,0.01
151,152,1,1,0.01
152,130,1,1,0.01
152,174,1,1,0.01
152,151,1,1,0.01
152,153,1,1,0.01
153,131,1,1,0.01
153,175,1,1,0.01
153,152,1,1,0.01
153,132,1,1,0.01
154,132,1,1,0.01
154,176,1,1,0.01
154,175,1,1,0.01
154,155,1,1,0.01
155,133,1,1,0.01
155,177,1,1,0.01
155,154,1,1,0.01
155,156,1,1,0.01
156,134,1,1,0.01
156,178,1,1,0.01
156,155,1,1,0.01
156,157,1,1,0.01
157,135,1,1,0.01
157,179,1,1,0.01
157,156,1,1,0.01
157,158,1,1,0.01
158,136,1,1,0.01
158,180,1,1,0.01
158,157,1,1,0.01
158,159,1,1,0.01
159,137,1,1,0.01
159,181,1,1,0.01
159,158,1,1,0.01
159,160,1,1,0.01
160,138,1,1,0.01
160,182,1,1,0.01
160,159,1,1,0.01
160,161,1,1,0.01
161,139,1,1,0.01
161,183,1,1,0.01
161,160,1,1,0.01
161,162,1,1,0.01
162,140,1,1,0.01
162,184,1,1,0.01
162,161,1,1,0.01
162,163,1,1,0.01
163,141,1,1,0.01
163,185,1,1,0.01
163,162,1,1,0.01
163,164,1,1,0.01
164,142,1,1,0.01
164,186,1,1,0.01
164,163,1,1,0.01
164,165,1,1,0.01
165,143,1,1,0.01
165,187,1,1,0.01
165,164,1,1,0.01
165,166,1,1,0.01
166,144,1,1,0.01
166,188,1,1,0.01
166,165,1,1,0.01
166,167,1,1,0.01
167,145,1,1,0.01
167,189,1,1,0.01
167,166,1,1,0.01
167,168,1,1,0.01
168,146,1,1,0.01
168,190,1,1,0.01
168,167,1,1,0.01
168,169,1,1,0.01
169,147,1,1,0.01
169,191,1,1,0.01
169,168,1,1,0.01
169,170,1,1,0.01
170,148,1,1,0.01
170,192,1,1,0.01
170,169,1,1,0.01
170,171,1,1,0.01
171,149,1,1,0.01
171,193,1,1,0.01
171,170,1,1,0.01
171,172,1,1,0.01
172,150,1,1,0.01
172,194,1,1,0.01
172,171,1,1,0.01
172,173,1,1,0.01
173,151,1,1,0.01
173,195,1,1,0.01
173,172,1,1,0.01
173,174,1,1,0.01
174,152,1,1,0.01
174,196,1,1,0.01
174,173,1,1,0.01
174,175,1,1,0.01
175,153,1,1,0.01
175,197,1,1,0.01
175,174,1,1,0.01
175,154,1,1,0.01
176,154,1,1,0.01
176,198,1,1,0.01
176,197,1,1,0.01
176,177,1,1,0.01
177,155,1,1,0.01
177,199,1,1,0.01
177,176,1,1,0.01
177,178,1,1,0.01
178,156,1,1,0.01
178,200,1,1,0.01
178,177,1,1,0.01
178,179,1,1,0.01
179,157,1,1,0.01
179,201,1,1,0.01
179,178,1,1,0.01
179,180,1,1,0.01
180,158,1,1,0.01
180,202,1,1,0.01
180,179,1,1,0.01
180,181,1,1,0.01
181,159,1,1,0.01
181,203,1,1,0.01
181,180,1,1,0.01
181,182,1,1,0.01
182,160,1,1,0.01
182,204,1,1,0.01
182,181,1,1,0.01
182,183,1,1,0.01
183,161,1,1,0.01
183,205,1,1,0.01
183,182,1,1,0.01
183,184,1,1,0.01
184,162,1,1,0.01
184,206,1,1,0.01
184,183,1,1,0.01
184,185,1,1,0.01
185,163,1,1,0.01
185,207,1,1,0.01
185,184,1,1,0.01
185,186,1,1,0.01
186,164,1,1,0.01
186,208,1,1,0.01
186,185,1,1,0.01
186,187,1,1,0.01
187,165,1,1,0.01
187,209,1,1,0.01
187,186,1,1,0.01
187,188,1,1,0.01
188,166,1,1,0.01
188,210,1,1,0.01
188,187,1,1,0.01
188,189,1,1,0.01
189,167,1,1,0.01
189,211,1,1,0.01
189,188,1,1,0.01
189,190,1,1,0.01
190,168,1,1,0.01
190,212,1,1,0.01
190,189,1,1,0.01
190,191,1,1,0.01
191,169,1,1,0.01
191,213,1,1,0.01
191,190,1,1,0.01
191,192,1,1,0.01
192,170,1,1,0.01
192,214,1,1,0.01
192,191,1,1,0.01
192,193,1,1,0.01
193,171,1,1,0.01
193,215,1,1,0.01
193,192,1,1,0.01
193,194,1,1,0.01
194,172,1,1,0.01
194,216,1,1,0.01
194,193,1,1,0.01
194,195,1,1,0.01
195,173,1,1,0.01
195,217,1,1,0.01
195,194,1,1,0.01
195,196,1,1,0.01
196,174,1,1,0.01
196,218,1,1,0.01
196,195,1,1,0.01
196,197,1,1,0.01
197,175,1,1,0.01
197,219,1,1,0.01
197,196,1,1,0.01
197,176,1,1,0.01
198,176,1,1,0.01
198,220,1,1,0.01
198,219,1,1,0.01
198,199,1,1,0.01
199,177,1,1,0.01
199,221,1,1,0.01
199,198,1,1,0.01
199,200,1,1,0.01
200,178,1,1,0.01
200,222,1,1,0.01
200,199,1,1,0.01
200,201,1,1,0.01
201,179,1,1,0.01
201,223,1,1,0.01
201,200,1,1,0.01
201,202,1,1,0.01
202,180,1,1,0.01
202,224,1,1,0.01
202,201,1,1,0.01
202,203,1,1,0.01
203,181,1,1,0.01
203,225,1,1,0.01
203,202,1,1,0.01
203,204,1,1,0.01
204,182,1,1,0.01
204,226,1,1,0.01
204,203,1,1,0.01
204,205,1,1,0.01
205,183,1,1,0.01
205,227,1,1,0.01
205,204,1,1,0.01
205,206,1,1,0.01
206,184,1,1,0.01
206,228,1,1,0.01
206,205,1,1,0.01
206,207,1,1,0.01
207,185,1,1,0.01
207,229,1,1,0.01
207,206,1,1,0.01
207,208,1,1,0.01
208,186,1,1,0.01
208,230,1,1,0.01
208,207,1,1,0.01
208,209,1,1,0.01
209,187,1,1,0.01
209,231,1,1,0.01
209,208,1,1,0.01
209,210,1,1,0.01
210,188,1,1,0.01
210,232,1,1,0.01
210,209,1,1,0.01
210,211,1,1,0.01
211,189,1,1,0.01
211,233,1,1,0.01
211,210,1,1,0.01
211,212,1,1,0.01
212,190,1,1,0.01
212,234,1,1,0.01
212,211,1,1,0.01
212,213,1,1,0.01
213,191,1,1,0.01
213,235,1,1,0.01
213,212,1,1,0.01
213,214,1,1,0.01
214,192,1,1,0.01
214,236,1,1,0.01
214,213,1,1,0.01
214,215,1,1,0.01
215,193,1,1,0.01
215,237,1,1,0.01
215,214,1,1,0.01
215,216,1,1,0.01
216,194,1,1,0.01
216,238,1,1,0.01
216,215,1,1,0.01
216,217,1,1,0.01
217,195,1,1,0.01
217,239,1,1,0.01
217,216,1,1,0.01
217,218,1,1,0.01
218,196,1,1,0.01
218,240,1,1,0.01
218,217,1,1,0.01
218,219,1,1,0.01
219,197,1,1,0.01
219,241,1,1,0.01
219,218,1,1,0.01
219,198,1,1,0.01
220,198,1,1,0.01
220,242,1,1,0.01
220,241,1,1,0.01
220,221,1,1,0.01
221,199,1,1,0.01
221,243,1,1,0.01
221,220,1,1,0.01
221,222,1,1,0.01
222,200,1,1,0.01
222,244,1,1,0.01
222,221,1,1,0.01
222,223,1,1,0.01
223,201,1,1,0.01
223,245,1,1,0.01
223,222,1,1,0.01
223,224,1,1,0.01
224,202,1,1,0.01
224,246,1,1,0.01
224,223,1,1,0.01
224,225,1,1,0.01
225,203,1,1,0.01
225,247,1,1,0.01
225,224,1,1,0.01
225,226,1,1,0.01
226,204,1,1,0.01
226,248,1,1,0.01
226,225,1,1,0.01
226,227,1,1,0.01
227,205,1,1,0.01
227,249,1,1,0.01
227,226,1,1,0.01
227,228,1,1,0.01
228,206,1,1,0.01
228,250,1,1,0.01
228,227,1,1,0.01
228,229,1,1,0.01
229,207,1,1,0.01
229,251,1,1,0.01
229,228,1,1,0.01
229,230,1,1,0.01
230,208,1,1,0.01
230,252,1,1,0.01
230,229,1,1,0.01
230,231,1,1,0.01
231,209,1,1,0.01
231,253,1,1,0.01
231,230,1,1,0.01
231,232,1,1,0.01
232,210,1,1,0.01
232,254,1,1,0.01
232,231,1,1,0.01
232,233,1,1,0.01
233,211,1,1,0.01
233,255,1,1,0.01
233,232,1,1,0.01
233,234,1,1,0.01
234,212,1,1,0.01
234,256,1,1,0.01
234,233,1,1,0.01
234,235,1,1,0.01
235,213,1,1,0.01
235,257,1,1,0.01
235,234,1,1,0.01
235,236,1,1,0.01
236,214,1,1,0.01
236,258,1,1,0.01
236,235,1,1,0.01
236,237,1,1,0.01
237,215,1,1,0.01
237,259,1,1,0.01
237,236,1,1,0.01
237,238,1,1,0.01
238,216,1,1,0.01
238,260,1,1,0.01
238,237,1,1,0.01
238,239,1,1,0.01
239,217,1,1,0.01
239,261,1,1,0.01
239,238,1,1,0.01
239,240,1,1,0.01
240,218,1,1,0.01
240,262,1,1,0.01
240,239,1,1,0.01
240,241,1,1,0.01
241,219,1,1,0.01
241,263,1,1,0.01
241,240,1,1,0.01
241,220,1,1,0.01
242,220,1,1,0.01
242,264,1,1,0.01
242,263,1,1,0.01
242,243,1,1,0.01
243,221,1,1,0.01
243,265,1,1,0.01
243,242,1,1,0.01
243,244,1,1,0.01
244,222,1,1,0.01
244,266,1,1,0.01
244,243,1,1,0.01
244,245,1,1,0.01
245,223,1,1,0.01
245,267,1,1,0.01
245,244,1,1,0.01
245,246,1,1,0.01
246,224,1,1,0.01
246,268,1,1,0.01
246,245,1,1,0.01
246,247,1,1,0.01
247,225,1,1,0.01
247,269,1,1,0.01
247,246,1,1,0.01
247,248,1,1,0.01
248,226,1,1,0.01
248,270,1,1,0.01
248,247,1,1,0.01
248,249,1,1,0.01
249,227,1,1,0.01
249,271,1,1,0.01
249,248,1,1,0.01
249,250,1,1,0.01
250,228,1,1,0.01
250,272,1,1,0.01
250,249,1,1,0.01
250,251,1,1,0.01
251,229,1,1,0.01
251,273,1,1,0.01
251,250,1,1,0.01
251,252,1,1,0.01
252,230,1,1,0.01
252,274,1,1,0.01
252,251,1,1,0.01
252,253,1,1,0.01
253,231,1,1,0.01
253,275,1,1,0.01
253,252,1,1,0.01
253,254,1,1,0.01
254,232,1,1,0.01
254,276,1,1,0.01
254,253,1,1,0.01
254,255,1,1,0.01
255,233,1,1,0.01
255,277,1,1,0.01
255,254,1,1,0.01
255,256,1,1,0.01
256,234,1,1,0.01
256,278,1,1,0.01
256,255,1,1,0.01
256,257,1,1,0.01
257,235,1,1,0.01
257,279,1,1,0.01
257,256,1,1,0.01
257,258,1,1,0.01
258,236,1,1,0.01
258,280,1,1,0.01
258,257,1,1,0.01
258,259,1,1,0.01
259,237,1,1,0.01
259,281,1,1,0.01
259,258,1,1,0.01
259,260,1,1,0.01
260,238,1,1,0.01
260,282,1,1,0.01
260,259,1,1,0.01
260,261,1,1,0.01
261,239,1,1,0.01
261,283,1,1,0.01
261,260,1,1,0.01
261,262,1,1,0.01
262,240,1,1,0.01
262,284,1,1,0.01
262,261,1,1,0.01
262,263,1,1,0.01
263,241,1,1,0.01
263,285,1,1,0.01
263,262,1,1,0.01
263,242,1,1,0.01
264,242,1,1,0.01
264,286,1,1,0.01
264,285,1,1,0.01
264,265,1,1,0.01
265,243,1,1,0.01
265,287,1,1,0.01
265,264,1,1,0.01
265,266,1,1,0.01
266,244,1,1,0.01
266,288,1,1,0.01
266,265,1,1,0.01
266,267,1,1,0.01
267,245,1,1,0.01
267,289,1,1,0.01
267,266,1,1,0.01
267,268,1,1,0.01
268,246,1,1,0.01
268,290,1,1,0.01
268,267,1,1,0.01
268,269,1,1,0.01
269,247,1,1,0.01
269,291,1,1,0.01
269,268,1,1,0.01
269,270,1,1,0.01
270,248,1,1,0.01
270,292,1,1,0.01
270,269,1,1,0.01
270,271,1,1,0.01
271,249,1,1,0.01
271,293,1,1,0.01
271,270,1,1,0.01
271,272,1,1,0.01
272,250,1,1,0.01
272,294,1,1,0.01
272,271,1,1,0.01
272,273,1,1,0.01
273,251,1,1,0.01
273,295,1,1,0.01
273,272,1,1,0.01
273,274,1,1,0.01
274,252,1,1,0.01
274,296,1,1,0.01
274,273,1,1,0.01
274,275,1,1,0.01
275,253,1,1,0.01
275,297,1,1,0.01
275,274,1,1,0.01
275,276,1,1,0.01
276,254,1,1,0.01
276,298,1,1,0.01
276,275,1,1,0.01
276,277,1,1,0.01
277,255,1,1,0.01
277,299,1,1,0.01
277,276,1,1,0.01
277,278,1,1,0.01
278,256,1,1,0.01
278,300,1,1,0.01
278,277,1,1,0.01
278,279,1,1,0.01
279,257,1,1,0.01
279,301,1,1,0.01
279,278,1,1,0.01
279,280,1,1,0.01
280,258,1,1,0.01
280,302,1,1,0.01
280,279,1,1,0.01
280,281,1,1,0.01
281,259,1,1,0.01
281,303,1,1,0.01
281,280,1,1,0.01
281,282,1,1,0.01
282,260,1,1,0.01
282,304,1,1,0.01
282,281,1,1,0.01
282,283,1,1,0.01
283,261,1,1,0.01
283,305,1,1,0.01
283,282,1,1,0.01
283,284,1,1,0.01
284,262,1,1,0.01
284,306,1,1,0.01
284,283,1,1,0.01
284,285,1,1,0.01
285,263,1,1,0.01
285,307,1,1,0.01
285,284,1,1,0.01
285,264,1,1,0.01
286,264,1,1,0.01
286,308,1,1,0.01
286,307,1,1,0.01
286,287,1,1,0.01
287,265,1,1,0.01
287,309,1,1,0.01
287,286,1,1,0.01
287,288,1,1,0.01
288,266,1,1,0.01
288,310,1,1,0.01
288,287,1,1,0.01
288,289,1,1,0.01
289,267,1,1,0.01
289,311,1,1,0.01
289,288,1,1,0.01
289,290,1,1,0.01
290,268,1,1,0.01
290,312,1,1,0.01
290,289,1,1,0.01
290,291,1,1,0.01
291,269,1,1,0.01
291,313,1,1,0.01
291,290,1,1,0.01
291,292,1,1,0.01
292,270,1,1,0.01
292,314,1,1,0.01
292,291,1,1,0.01
292,293,1,1,0.01
293,271,1,1,0.01
293,315,1,1,0.01
293,292,1,1,0.01
293,294,1,1,0.01
294,272,1,1,0.01
294,316,1,1,0.01
294,293,1,1,0.01
294,295,1,1,0.01
295,273,1,1,0.01
295,317,1,1,0.01
295,294,1,1,0.01
295,296,1,1,0.01
296,274,1,1,0.01
296,318,1,1,0.01
296,295,1,1,0.01
296,297,1,1,0.01
297,275,1,1,0.01
297,319,1,1,0.01
297,296,1,1,0.01
297,298,1,1,0.01
298,276,1,1,0.01
298,320,1,1,0.01
298,297,1,1,0.01
298,299,1,1,0.01
299,277,1,1,0.01
299,321,1,1,0.01
299,298,1,1,0.01
299,300,1,1,0.01
300,278,1,1,0.01
300,322,1,1,0.01
300,299,1,1,0.01
300,301,1,1,0.01
301,279,1,1,0.01
301,323,1,1,0.01
301,300,1,1,0.01
301,302,1,1,0.01
302,280,1,1,0.01
302,324,1,1,0.01
302,301,1,1,0.01
302,303,1,1,0.01
303,281,1,1,0.01
303,325,1,1,0.01
303,302,1,1,0.01
303,304,1,1,0.01
304,282,1,1,0.01
304,326,1,1,0.01
304,303,1,1,0.01
304,305,1,1,0.01
305,283,1,1,0.01
305,327,1,1,0.01
305,304,1,1,0.01
305,306,1,1,0.01
306,284,1,1,0.01
306,328,1,1,0.01
306,305,1,1,0.01
306,307,1,1,0.01
307,285,1,1,0.01
307,329,1,1,0.01
307,306,1,1,0.01
307,286,1,1,0.01
308,286,1,1,0.01
308,330,1,1,0.01
308,329,1,1,0.01
308,309,1,1,0.01
309,287,1,1,0.01
309,331,1,1,0.01
309,308,1,1,0.01
309,310,1,1,0.01
310,288,1,1,0.01
310,332,1,1,0.01
310,309,1,1,0.01
310,311,1,1,0.01
311,289,1,1,0.01
311,333,1,1,0.01
311,310,1,1,0.01
311,312,1,1,0.01
312,290,1,1,0.01
312,334,1,1,0.01
312,311,1,1,0.01
312,313,1,1,0.01
313,291,1,1,0.01
313,335,1,1,0.01
313,312,1,1,0.01
313,314,1,1,0.01
314,292,1,1,0.01
314,336,1,1,0.01
314,313,1,1,0.01
314,315,1,1,0.01
315,293,1,1,0.01
315,337,1,1,0.01
315,314,1,1,0.01
315,316,1,1,0.01
316,294,1,1,0.01
316,338,1,1,0.01
316,315,1,1,0.01
316,317,1,1,0.01
317,295,1,1,0.01
317,339,1,1,0.01
317,316,1,1,0.01
317,318,1,1,0.01
318,296,1,1,0.01
318,340,1,1,0.01
318,317,1,1,0.01
318,319,1,1,0.01
319,297,1,1,0.01
319,341,1,1,0.01
319,318,1,1,0.01
319,320,1,1,0.01
320,298,1,1,0.01
320,342,1,1,0.01
320,319,1,1,0.01
320,321,1,1,0.01
321,299,1,1,0.01
321,343,1,1,0.01
321,320,1,1,0.01
321,322,1,1,0.01
322,300,1,1,0.01
322,344,1,1,0.01
322,321,1,1,0.01
322,323,1,1,0.01
323,301,1,1,0.01
323,345,1,1,0.01
323,322,1,1,0.01
323,324,1,1,0.01
324,302,1,1,0.01
324,346,1,1,0.01
324,323,1,1,0.01
324,325,1,1,0.01
325,303,1,1,0.01
325,347,1,1,0.01
325,324,1,1,0.01
325,326,1,1,0.01
326,304,1,1,0.01
326,348,1,1,0.01
326,325,1,1,0.01
326,327,1,1,0.01
327,305,1,1,0.01
327,349,1,1,0.01
327,326,1,1,0.01
327,328,1,1,0.01
328,306,1,1,0.01
328,350,1,1,0.01
328,327,1,1,0.01
328,329,1,1,0.01
329,307,1,1,0.01
329,351,1,1,0.01
329,328,1,1,0.01
329,308,1,1,0.01
330,308,1,1,0.01
330,352,1,1,0.01
330,351,1,1,0.01
330,331,1,1,0.01
331,309,1,1,0.01
331,353,1,1,0.01
331,330,1,1,0.01
331,332,1,1,0.01
332,310,1,1,0.01
332,354,1,1,0.01
332,331,1,1,0.01
332,333,1,1,0.01
333,311,1,1,0.01
333,355,1,1,0.01
333,332,1,1,0.01
333,334,1,1,0.01
334,312,1,1,0.01
334,356,1,1,0.01
334,333,1,1,0.01
334,335,1,1,0.01
335,313,1,1,0.01
335,357,1,1,0.01
335,334,1,1,0.01
335,336,1,1,0.01
336,314,1,1,0.01
336,358,1,1,0.01
336,335,1,1,0.01
336,337,1,1,0.01
337,315,1,1,0.01
337,359,1,1,0.01
337,336,1,1,0.01
337,338,1,1,0.01
338,316,1,1,0.01
338,360,1,1,0.01
338,337,1,1,0.01
338,339,1,1,0.01
339,317,1,1,0.01
339,361,1,1,0.01
339,338,1,1,0.01
339,340,1,1,0.01
340,318,1,1,0.01
340,362,1,1,0.01
340,339,1,1,0.01
340,341,1,1,0.01
341,319,1,1,0.01
341,363,1,1,0.01
341,340,1,1,0.01
341,342,1,1,0.01
342,320,1,1,0.01
342,364,1,1,0.01
342,341,1,1,0.01
342,343,1,1,0.01
343,321,1,1,0.01
343,365,1,1,0.01
343,342,1,1,0.01
343,344,1,1,0.01
344,322,1,1,0.01
344,366,1,1,0.01
344,343,1,1,0.01
344,345,1,1,0.01
345,323,1,1,0.01
345,367,1,1,0.01
345,344,1,1,0.01
345,346,1,1,0.01
346,324,1,1,0.01
346,368,1,1,0.01
346,345,1,1,0.01
346,347,1,1,0.01
347,325,1,1,0.01
347,369,1,1,0.01
347,346,1,1,0.01
347,348,1,1,0.01
348,326,1,1,0.01
348,370,1,1,0.01
348,347,1,1,0.01
348,349,1,1,0.01
349,327,1,1,0.01
349,371,1,1,0.01
349,348,1,1,0.01
349,350,1,1,0.01
350,328,1,1,0.01
350,372,1,1,0.01
350,349,1,1,0.01
350,351,1,1,0.01
351,329,1,1,0.01
351,373,1,1,0.01
351,350,1,1,0.01
351,330,1,1,0.01
352,330,1,1,0.01
352,374,1,1,0.01
352,373,1,1,0.01
352,353,1,1,0.01
353,331,1,1,0.01
353,375,1,1,0.01
353,352,1,1,0.01
353,354,1,1,0.01
354,332,1,1,0.01
354,376,1,1,0.01
354,353,1,1,0.01
354,355,1,1,0.01
355,333,1,1,0.01
355,377,1,1,0.01
355,354,1,1,0.01
355,356,1,1,0.01
356,334,1,1,0.01
356,378,1,1,0.01
356,355,1,1,0.01
356,357,1,1,0.01
357,335,1,1,0.01
357,379,1,1,0.01
357,356,1,1,0.01
357,358,1,1,0.01
358,336,1,1,0.01
358,380,1,1,0.01
358,357,1,1,0.01
358,359,1,1,0.01
359,337,1,1,0.01
359,381,1,1,0.01
359,358,1,1,0.01
359,360,1,1,0.01
360,338,1,1,0.01
360,382,1,1,0.01
360,359,1,1,0.01
360,361,1,1,0.01
361,339,1,1,0.01
361,383,1,1,0.01
361,360,1,1,0.01
361,362,1,1,0.01
362,340,1,1,0.01
362,384,1,1,0.01
362,361,1,1,0.01
362,363,1,1,0.01
363,341,1,1,0.01
363,385,1,1,0.01
363,362,1,1,0.01
363,364,1,1,0.01
364,342,1,1,0.01
364,386,1,1,0.01
364,363,1,1,0.01
364,365,1,1,0.01
365,343,1,1,0.01
365,387,1,1,0.01
365,364,1,1,0.01
365,366,1,1,0.01
366,344,1,1,0.01
366,388,1,1,0.01
366,365,1,1,0.01
366,367,1,1,0.01
367,345,1,1,0.01
367,389,1,1,0.01
367,366,1,1,0.01
367,368,1,1,0.01
368,346,1,1,0.01
368,390,1,1,0.01
368,367,1,1,0.01
368,369,1,1,0.01
369,347,1,1,0.01
369,391,1,1,0.01
369,368,1,1,0.01
369,370,1,1,0.01
370,348,1,1,0.01
370,392,1,1,0.01
370,369,1,1,0.01
370,371,1,1,0.01
371,349,1,1,0.01
371,393,1,1,0.01
371,370,1,1,0.01
371,372,1,1,0.01
372,350,1,1,0.01
372,394,1,1,0.01
372,371,1,1,0.01
372,373,1,1,0.01
373,351,1,1,0.01
373,395,1,1,0.01
373,372,1,1,0.01
373,352,1,1,0.01
374,352,1,1,0.01
374,396,1,1,0.01
374,395,1,1,0.01
374,375,1,1,0.01
375,353,1,1,0.01
375,397,1,1,0.01
375,374,1,1,0.01
375,376,1,1,0.01
376,354,1,1,0.01
376,398,1,1,0.01
376,375,1,1,0.01
376,377,1,1,0.01
377,355,1,1,0.01
377,399,1,1,0.01
377,376,1,1,0.01
377,378,1,1,0.01
378,356,1,1,0.01
378,400,1,1,0.01
378,377,1,1,0.01
378,379,1,1,0.01
379,357,1,1,0.01
379,401,1,1,0.01
379,378,1,1,0.01
379,380,1,1,0.01
380,358,1,1,0.01
380,402,1,1,0.01
380,379,1,1,0.01
380,381,1,1,0.01
381,359,1,1,0.01
381,403,1,1,0.01
381,380,1,1,0.01
381,382,1,1,0.01
382,360,1,1,0.01
382,404,1,1,0.01
382,381,1,1,0.01
382,383,1,1,0.01
383,361,1,1,0.01
383,405,1,1,0.01
383,382,1,1,0.01
383,384,1,1,0.01
384,362,1,1,0.01
384,406,1,1,0.01
384,383,1,1,0.01
384,385,1,1,0.01
385,363,1,1,0.01
385,407,1,1,0.01
385,384,1,1,0.01
385,386,1,1,0.01
386,364,1,1,0.01
386,408,1,1,0.01
386,385,1,1,0.01
386,387,1,1,0.01
387,365,1,1,0.01
387,409,1,1,0.01
387,386,1,1,0.01
387,388,1,1,0.01
388,366,1,1,0.01
388,410,1,1,0.01
388,387,1,1,0.01
388,389,1,1,0.01
389,367,1,1,0.01
389,411,1,1,0.01
389,388,1,1,0.01
389,390,1,1,0.01
390,368,1,1,0.01
390,412,1,1,0.01
390,389,1,1,0.01
390,391,1,1,0.01
391,369,1,1,0.01
391,413,1,1,0.01
391,390,1,1,0.01
391,392,1,1,0.01
392,370,1,1,0.01
392,414,1,1,0.01
392,391,1,1,0.01
392,393,1,1,0.01
393,371,1,1,0.01
393,415,1,1,0.01
393,392,1,1,0.01
393,394,1,1,0.01
394,372,1,1,0.01
394,416,1,1,0.01
394,393,1,1,0.01
394,395,1,1,0.01
395,373,1,1,0.01
395,417,1,1,0.01
395,394,1,1,0.01
395,374,1,1,0.01
396,374,1,1,0.01
396,418,1,1,0.01
396,417,1,1,0.01
396,397,1,1,0.01
397,375,1,1,0.01
397,419,1,1,0.01
397,396,1,1,0.01
397,398,1,1,0.01
398,376,1,1,0.01
398,420,1,1,0.01
398,397,1,1,0.01
398,399,1,1,0.01
399,377,1,1,0.01
399,421,1,1,0.01
399,398,1,1,0.01
399,400,1,1,0.01
400,378,1,1,0.01
400,422,1,1,0.01
400,399,1,1,0.01
400,401,1,1,0.01
401,379,1,1,0.01
401,423,1,1,0.01
401,400,1,1,0.01
401,402,1,1,0.01
402,380,1,1,0.01
402,424,1,1,0.01
402,401,1,1,0.01
402,403,1,1,0.01
403,381,1,1,0.01
403,425,1,1,0.01
403,402,1,1,0.01
403,404,1,1,0.01
404,382,1,1,0.01
404,426,1,1,0.01
404,403,1,1,0.01
404,405,1,1,0.01
405,383,1,1,0.01
405,427,1,1,0.01
405,404,1,1,0.01
405,406,1,1,0.01
406,384,1,1,0.01
406,428,1,1,0.01
406,405,1,1,0.01
406,407,1,1,0.01
407,385,1,1,0.01
407,429,1,1,0.01
407,406,1,1,0.01
407,408,1,1,0.01
408,386,1,1,0.01
408,430,1,1,0.01
408,407,1,1,0.01
408,409,1,1,0.01
409,387,1,1,0.01
409,431,1,1,0.01
409,408,1,1,0.01
409,410,1,1,0.01
410,388,1,1,0.01
410,432,1,1,0.01
410,409,1,1,0.01
410,411,1,1,0.01
411,389,1,1,0.01
411,433,1,1,0.01
411,410,1,1,0.01
411,412,1,1,0.01
412,390,1,1,0.01
412,434,1,1,0.01
412,411,1,1,0.01
412,413,1,1,0.01
413,391,1,1,0.01
413,435,1,1,0.01
413,412,1,1,0.01
413,414,1,1,0.01
414,392,1,1,0.01
414,436,1,1,0.01
414,413,1,1,0.01
414,415,1,1,0.01
415,393,1,1,0.01
415,437,1,1,0.01
415,414,1,1,0.01
415,416,1,1,0.01
416,394,1,1,0.01
416,438,1,1,0.01
416,415,1,1,0.01
416,417,1,1,0.01
417,395,1,1,0.01
417,439,1,1,0.01
417,416,1,1,0.01
417,396,1,1,0.01
418,396,1,1,0.01
418,440,1,1,0.01
418,439,1,1,0.01
418,419,1,1,0.01
419,397,1,1,0.01
419,441,1,1,0.01
419,418,1,1,0.01
419,420,1,1,0.01
420,398,1,1,0.01
420,442,1,1,0.01
420,419,1,1,0.01
420,421,1,1,0.01
421,399,1,1,0.01
421,443,1,1,0.01
421,420,1,1,0.01
421,422,1,1,0.01
422,400,1,1,0.01
422,444,1,1,0.01
422,421,1,1,0.01
422,423,1,1,0.01
423,401,1,1,0.01
423,445,1,1,0.01
423,422,1,1,0.01
423,424,1,1,0.01
424,402,1,1,0.01
424,446,1,1,0.01
424,423,1,1,0.01
424,425,1,1,0.01
425,403,1,1,0.01
425,447,1,1,0.01
425,424,1,1,0.01
425,426,1,1,0.01
426,404,1,1,0.01
426,448,1,1,0.01
426,425,1,1,0.01
426,427,1,1,0.01
427,405,1,1,0.01
427,449,1,1,0.01
427,426,1,1,0.01
427,428,1,1,0.01
428,406,1,1,0.01
428,450,1,1,0.01
428,427,1,1,0.01
428,429,1,1,0.01
429,407,1,1,0.01
429,451,1,1,0.01
429,428,1,1,0.01
429,430,1,1,0.01
430,408,1,1,0.01
430,452,1,1,0.01
430,429,1,1,0.01
430,431,1,1,0.01
431,409,1,1,0.01
431,453,1,1,0.01
431,430,1,1,0.01
431,432,1,1,0.01
432,410,1,1,0.01
432,454,1,1,0.01
432,431,1,1,0.01
432,433,1,1,0.01
433,411,1,1,0.01
433,455,1,1,0.01
433,432,1,1,0.01
433,434,1,1,0.01
434,412,1,1,0.01
434,456,1,1,0.01
434,433,1,1,0.01
434,435,1,1,0.01
435,413,1,1,0.01
435,457,1,1,0.01
435,434,1,1,0.01
435,436,1,1,0.01
436,414,1,1,0.01
436,458,1,1,0.01
436,435,1,1,0.01
436,437,1,1,0.01
437,415,1,1,0.01
437,459,1,1,0.01
437,436,1,1,0.01
437,438,1,1,0.01
438,416,1,1,0.01
438,460,1,1,0.01
438,437,1,1,0.01
438,439,1,1,0.01
439,417,1,1,0.01
439,461,1,1,0.01
439,438,1,1,0.01
439,418,1,1,0.01
440,418,1,1,0.01
440,462,1,1,0.01
440,461,1,1,0.01
440,441,1,1,0.01
441,419,1,1,0.01
441,463,1,1,0.01
441,440,1,1,0.01
441,442,1,1,0.01
442,420,1,1,0.01
442,464,1,1,0.01
442,441,1,1,0.01
442,443,1,1,0.01
443,421,1,1,0.01
443,465,1,1,0.01
443,442,1,1,0.01
443,444,1,1,0.01
444,422,1,1,0.01
444,466,1,1,0.01
444,443,1,1,0.01
444,445,1,1,0.01
445,423,1,1,0.01
445,467,1,1,0.01
445,444,1,1,0.01
445,446,1,1,0.01
446,424,1,1,0.01
446,468,1,1,0.01
446,445,1,1,0.01
446,447,1,1,0.01
447,425,1,1,0.01
447,469,1,1,0.01
447,446,1,1,0.01
447,448,1,1,0.01
448,426,1,1,0.01
448,470,1,1,0.01
448,447,1,1,0.01
448,449,1,1,0.01
449,427,1,1,0.01
449,471,1,1,0.01
449,448,1,1,0.01
449,450,1,1,0.01
450,428,1,1,0.01
450,472,1,1,0.01
450,449,1,1,0.01
450,451,1,1,0.01
451,429,1,1,0.01
451,473,1,1,0.01
451,450,1,1,0.01
451,452,1,1,0.01
452,430,1,1,0.01
452,474,1,1,0.01
452,451,1,1,0.01
452,453,1,1,0.01
453,431,1,1,0.01
453,475,1,1,0.01
453,452,1,1,0.01
453,454,1,1,0.01
454,432,1,1,0.01
454,476,1,1,0.01
454,453,1,1,0.01
454,455,1,1,0.01
455,433,1,1,0.01
455,477,1,1,0.01
455,454,1,1,0.01
455,456,1,1,0.01
456,434,1,1,0.01
456,478,1,1,0.01
456,455,1,1,0.01
456,457,1,1,0.01
457,435,1,1,0.01
457,479,1,1,0.01
457,456,1,1,0.01
457,458,1,1,0.01
458,436,1,1,0.01
458,480,1,1,0.01
458,457,1,1,0.01
458,459,1,1,0.01
459,437,1,1,0.01
459,481,1,1,0.01
459,458,1,1,0.01
459,460,1,1,0.01
460,438,1,1,0.01
460,482,1,1,0.01
460,459,1,1,0.01
460,461,1,1,0.01
461,439,1,1,0.01
461,483,1,1,0.01
461,460,1,1,0.01
461,440,1,1,0.01
462,440,1,1,0.01
462,484,1,1,0.01
462,483,1,1,0.01
462,463,1,1,0.01
463,441,1,1,0.01
463,485,1,1,0.01
463,462,1,1,0.01
463,464,1,1,0.01
464,442,1,1,0.01
464,486,1,1,0.01
464,463,1,1,0.01
464,465,1,1,0.01
465,443,1,1,0.01
465,487,1,1,0.01
465,464,1,1,0.01
465,466,1,1,0.01
466,444,1,1,0.01
466,488,1,1,0.01
466,465,1,1,0.01
466,467,1,1,0.01
467,445,1,1,0.01
467,489,1,1,0.01
467,466,1,1,0.01
467,468,1,1,0.01
468,446,1,1,0.01
468,490,1,1,0.01
468,467,1,1,0.01
468,469,1,1,0.01
469,447,1,1,0.01
469,491,1,1,0.01
469,468,1,1,0.01
469,470,1,1,0.01
470,448,1,1,0.01
470,492,1,1,0.01
470,469,1,1,0.01
470,471,1,1,0.01
471,449,1,1,0.01
471,493,1,1,0.01
471,470,1,1,0.01
471,472,1,1,0.01
472,450,1,1,0.01
472,494,1,1,0.01
472,471,1,1,0.01
472,473,1,1,0.01
473,451,1,1,0.01
473,495,1,1,0.01
473,472,1,1,0.01
473,474,1,1,0.01
474,452,1,1,0.01
474,496,1,1,0.01
474,473,1,1,0.01
474,475,1,1,0.01
475,453,1,1,0.01
475,497,1,1,0.01
475,474,1,1,0.01
475,476,1,1,0.01
476,454,1,1,0.01
476,498,1,1,0.01
476,475,1,1,0.01
476,477,1,1,0.01
477,455,1,1,0.01
477,499,1,1,0.01
477,476,1,1,0.01
477,478,1,1,0.01
478,456,1,1,0.01
478,500,1,1,0.01
478,477,1,1,0.01
478,479,1,1,0.01
479,457,1,1,0.01
479,501,1,1,0.01
479,478,1,1,0.01
479,480,1,1,0.01
480,458,1,1,0.01
480,502,1,1,0.01
480,479,1,1,0.01
480,481,1,1,0.01
481,459,1,1,0.01
481,503,1,1,0.01
481,480,1,1,0.01
481,482,1,1,0.01
482,460,1,1,0.01
482,504,1,1,0.01
482,481,1,1,0.01
482,483,1,1,0.01
483,461,1,1,0.01
483,505,1,1,0.01
483,482,1,1,0.01
483,462,1,1,0.01
484,462,1,1,0.01
484,506,1,1,0.01
484,505,1,1,0.01
484,485,1,1,0.01
485,463,1,1,0.01
485,507,1,1,0.01
485,484,1,1,0.01
485,486,1,1,0.01
486,464,1,1,0.01
486,508,1,1,0.01
486,485,1,1,0.01
486,487,1,1,0.01
487,465,1,1,0.01
487,509,1,1,0.01
487,486,1,1,0.01
487,488,1,1,0.01
488,466,1,1,0.01
488,510,1,1,0.01
488,487,1,1,0.01
488,489,1,1,0.01
489,467,1,1,0.01
489,511,1,1,0.01
489,488,1,1,0.01
489,490,1,1,0.01
490,468,1,1,0.01
490,512,1,1,0.01
490,489,1,1,0.01
490,491,1,1,0.01
491,469,1,1,0.01
491,513,1,1,0.01
491,490,1,1,0.01
491,492,1,1,0.01
492,470,1,1,0.01
492,514,1,1,0.01
492,491,1,1,0.01
492,493,1,1,0.01
493,471,1,1,0.01
493,515,1,1,0.01
493,492,1,1,0.01
493,494,1,1,0.01
494,472,1,1,0.01
494,516,1,1,0.01
494,493,1,1,0.01
494,495,1,1,0.01
495,473,1,1,0.01
495,517,1,1,0.01
495,494,1,1,0.01
495,496,1,1,0.01
496,474,1,1,0.01
496,518,1,1,0.01
496,495,1,1,0.01
496,497,1,1,0.01
497,475,1,1,0.01
497,519,1,1,0.01
497,496,1,1,0.01
497,498,1,1,0.01
498,476,1,1,0.01
498,520,1,1,0.01
498,497,1,1,0.01
498,499,1,1,0.01
499,477,1,1,0.01
499,521,1,1,0.01
499,498,1,1,0.01
499,500,1,1,0.01
500,478,1,1,0.01
500,522,1,1,0.01
500,499,1,1,0.01
500,501,1,1,0.01
501,479,1,1,0.01
501,523,1,1,0.01
501,500,1,1,0.01
501,502,1,1,0.01
502,480,1,1,0.01
502,524,1,1,0.01
502,501,1,1,0.01
502,503,1,1,0.01
503,481,1,1,0.01
503,525,1,1,0.01
503,502,1,1,0.01
503,504,1,1,0.01
504,482,1,1,0.01
504,526,1,1,0.01
504,503,1,1,0.01
504,505,1,1,0.01
505,483,1,1,0.01
505,527,1,1,0.01
505,504,1,1,0.01
505,484,1,1,0.01
506,484,1,1,0.01
506,0,1,1,0.01
506,527,1,1,0.01
506,507,1,1,0.01
507,485,1,1,0.01
507,1,1,1,0.01
507,506,1,1,0.01
507,508,1,1,0.01
508,486,1,1,0.01
508,2,1,1,0.01
508,507,1,1,0.01
508,509,1,1,0.01
509,487,1,1,0.01
509,3,1,1,0.01
509,508,1,1,0.01
509,510,1,1,0.01
510,488,1,1,0.01
510,4,1,1,0.01
510,509,1,1,0.01
510,511,1,1,0.01
511,489,1,1,0.01
511,5,1,1,0.01
511,510,1,1,0.01
511,512,1,1,0.01
512,490,1,1,0.01
512,6,1,1,0.01
512,511,1,1,0.01
512,513,1,1,0.01
513,491,1,1,0.01
513,7,1,1,0.01
513,512,1,1,0.01
513,514,1,1,0.01
514,492,1,1,0.01
514,8,1,1,0.01
514,513,1,1,0.01
514,515,1,1,0.01
515,493,1,1,0.01
515,9,1,1,0.01
515,514,1,1,0.01
515,516,1,1,0.01
516,494,1,1,0.01
516,10,1,1,0.01
516,515,1,1,0.01
516,517,1,1,0.01
517,495,1,1,0.01
517,11,1,1,0.01
517,516,1,1,0.01
517,518,1,1,0.01
518,496,1,1,0.01
518,12,1,1,0.01
518,517,1,1,0.01
518,519,1,1,0.01
519,497,1,1,0.01
519,13,1,1,0.01
519,518,1,1,0.01
519,520,1,1,0.01
520,498,1,1,0.01
520,14,1,1,0.01
520,519,1,1,0.01
520,521,1,1,0.01
521,499,1,1,0.01
521,15,1,1,0.01
521,520,1,1,0.01
521,522,1,1,0.01
522,500,1,1,0.01
522,16,1,1,0.01
522,521,1,1,0.01
522,523,1,1,0.01
523,501,1,1,0.01
523,17,1,1,0.01
523,522,1,1,0.01
523,524,1,1,0.01
524,502,1,1,0.01
524,18,1,1,0.01
524,523,1,1,0.01
524,525,1,1,0.01
525,503,1,1,0.01
525,19,1,1,0.01
525,524,1,1,0.01
525,526,1,1,0.01
526,504,1,1,0.01
526,20,1,1,0.01
526,525,1,1,0.01
526,527,1,1,0.01
527,505,1,1,0.01
527,21,1,1,0.01
527,526,1,1,0.01
527,506,1,1,0.01
